<xml xmlns:o="urn:schemas-microsoft-com:office:office">
 <o:MainFile HRef="../picture%20library.htm"/>
 <o:File HRef="themedata.thmx"/>
 <o:File HRef="colorschememapping.xml"/>
 <o:File HRef="image003.png"/>
 <o:File HRef="image005.png"/>
 <o:File HRef="image001.png"/>
 <o:File HRef="image006.png"/>
 <o:File HRef="image007.jpg"/>
 <o:File HRef="image015.png"/>
 <o:File HRef="image009.jpg"/>
 <o:File HRef="image016.jpg"/>
 <o:File HRef="image017.png"/>
 <o:File HRef="image012.jpg"/>
 <o:File HRef="image018.jpg"/>
 <o:File HRef="image019.png"/>
 <o:File HRef="image020.png"/>
 <o:File HRef="image023.png"/>
 <o:File HRef="image024.png"/>
 <o:File HRef="filelist.xml"/>
</xml>